submission_id,comment_id,subreddit,author,created_utc,comment_body
4sg112,d591eg0,travel,Luwife,1468319835.0,I just went to Kakadu last week. I went just in a day tour though with AAT Kings. It was quite expensive and was a lot of driving from Darwin for one day. I'd suggest renting a car or maybe just finding a bus or something that can do one way. There are campsites and resorts etc in Kakadu as I'm sure you are aware. I'm not sure about exploring solo as I have never done it nor really have I thought about it. It's truly beautiful there and there are people around all the time at the popular spots in the parks.
1bt1a0o,kxjh0mm,darwin,ammym,1711978207.0,"Day 2 - you could do jumping crocs on your way out to jabiru.¬† Go to cahills crossing first and then do ubirr for sunset!¬†  I would squish your day 3 & 4 activities in together.¬† Get up super early and drive to cooinda and do the sunrise yellow water cruise, then do the rock art sites on your way back. Or do the opposite and drive to cooinda and do the sunset tour, if you want to stay there.¬†  Then day 4 do a waterfall tour - think I did a tour with Kakadu tourism, Kakadu adventure tour.¬†  Fogg dam is nice for wildlife watching but think you probably need a good hour or so.¬†  Why lake Bennett? Are you going to stay there and use as base for Litchfield? I would stay at Litchfield overnight and have a bit more chill time there. And do Florence & buley on day 6 and then Wangi and other waterfalls on day 7 - You can also do the cascades if you‚Äôre both willing to walk a bit.¬†"
1bt1a0o,kxjfg30,darwin,illogicallyalex,1711977544.0,"I would slot Fogg dam into your Day 2 itinerary in the morning on the way through to Jabiru tbh since unless you plan to do the walks you‚Äôll likely not spend more than an hour max at Fogg dam. Then you could go down the Kakadu Hway to Pine Creek from Jabiru on your way back, then come up to Lake Bennett. That‚Äôll also bring you passed Adelaide River with the war memorial if you‚Äôre into that   For Day 3 you might be best giving yourself the afternoon off if it‚Äôs a particularly hot day, since the walk around Nourlangie can take it out of you a bit."
1bt1a0o,kxmobd2,darwin,daschund_dasha,1712018766.0,"1. The best time to be at Nawurlandja is sunset. 2. Do the Nanguluwurr walk at Nourlangie. Early morning if possible - it can be super spiritual being there alone. 3. Kubara pools walk, on a separate fork down the road to Nourlangie, is a nice walk. 4. If the Nourlangie Barrk walk is open in August, I would count it as a MUST do. Even the first little bit where you ascend to the top of the outlier, which takes about 30 minutes. 5. Ubirr can be super hot during the middle of the day, would highly recommend morning or afternoon to beat the crowds (it's one of the busiest attractions). Honestly when there's a lot of other people at these places in Kakadu it completely fucking ruins it. It is COMPLETELY different for example when I was there during COVID and I'd rock up to a place nine times out of ten and there was no one else there. 6. Scenic flight over Jim Jim/Twin in a helicopter is pretty speccy (from Jabiru) 7. Maguk is 2WD accessible. if you're adventurous you can also drive to the 4WD trailhead (the last ~5km of the track in) at Jim Jim and hitch a ride in with some other people."
1bt1a0o,kxjjw9g,darwin,PerthNandos,1711979374.0,My advice for getting the most out of Kakadu - try and do the wetlands and falls early in the day.   Sunrise over the wetlands is amazing - just you (if you are lucky) and the birds. You will see other wildlife at this time too.  Same with the falls. Being at Jim Jim alone is an intense experience.   You will see beautiful things either way but going early beats most tourists and the heat of the day.
1bt1a0o,kxmw37q,darwin,makeitlegalaussie,1712021727.0,That‚Äôs gunna be busy busy. Maguk does say 4x4 only but iv seen 2 wheel drive cars make it with ease. I live in Kakadu
1fmhzyv,lob511e,darwin,mycooltheeyo,1726974364.0,"If I had one whole day I‚Äôd go into Kakadu via Kakadu hway from pine creek and have a swim at barramundi gorge, then you can do a boat tour at yellow water, continue up to the border of arnham land to see the crocs at cahills crossing and head back to Darin via arnham hway stopping in at Ubir to see the rock art and this is a great spot to watch the sun go down.  There are lots more to do but you can‚Äôt fit it all in one day."
1fmhzyv,loayw6s,darwin,hendobizle,1726971648.0,"We did a ‚ÄúKakadu in a day‚Äù  Trip with Kakadu air,  Was brilliant ,  90 minute scenic flight - yellow water billabong boat tour- lunch at the restaurant- museum tour- then 30 mins flight back to Darwin airport , would recommend"
1fmhzyv,lobe0rn,darwin,downundarob,1726978739.0,"There is no such thing as a good 1 day tour of Kakadu, it is a 2 day thing minimum."
1fmhzyv,lob3paj,darwin,a2plusb2,1726973760.0,"https://northernterritory.com/kakadu-and-surrounds/events/kakadu-bird-week-tours Perfect timing if you have ornithological interests! I was in Kakadu mid last week - beautiful and full of wildlife. The yellow water cruises were amazing. I did sunset and morning cruises. If I had to choose one, I‚Äôd go with the sunset cruise starting at 1630. Crocs galore, and the rest. Terrific guide (didn‚Äôt get her name unfortunately). Have fun!"
1fmhzyv,lob7286,darwin,mycooltheeyo,1726975297.0,"Ooh my apologies. I can‚Äôt help there, I‚Äôve never taken a guided tour myself.  I can recommend taking a head net though.. the flies in Kakadu are next level.. and after dark the mozzies are the worst I‚Äôve ever experienced. I spent a couple nights sleeping in a hammock getting out to pockocks beach at east alligator head and donated a couple quarts of blood to the mozzie population."
1fmhzyv,loco0pv,darwin,downundarob,1727007601.0,"I would suggest a one day tour of Litchfield, trying to do a one day in Kakadu will get you a Kakadont."
1fk8wu2,lnyi5mp,redscarepod,Round_Efficiency9957,1726783175.0,my dad had a conference up there so i tagged along for a free trip. darwin was whack but kakadu is gorgeous
ijw0xj,g3hd6pr,Wellthatsucks,Kejlii,1598890237.0,Kakadu National Park in Australia is not the best place to be a fish.
ijw0xj,g3hn3t3,Wellthatsucks,Meemesfourdayz,1598894065.0,Alternate title: Kakadu National Park in Australia is THE BEST place to go fishing
ijw0xj,g3hpy9o,Wellthatsucks,CHODRYPRINCE052,1598895204.0, Recreational **fishing** is allowed only in certain areas of **Kakadu National Park** and there are rules about the **fishing** gear and methods **you** may use.
ijw0xj,g3i6oby,Wellthatsucks,JEMegia,1598901605.0,~~Kakadu National Park in~~ **Australia is not the best place to** ~~go fish~~**ANYTHing.**
ijw0xj,g3gdukc,Wellthatsucks,5_Frog_Margin,1598872941.0,"This place is known as  Cahill's Crossing on the **East Alligator River** in Kakadu Nat'l Park.  Quite a bit about it online, [here's a decent YouTube video](https://www.youtube.com/watch?v=8ojzUCDR6lg) from Wonder World about it."
ijw0xj,g3hee7u,Wellthatsucks,Twitstein,1598890755.0,> And illegal to fish in a national park?  [No](https://parksaustralia.gov.au/kakadu/do/fishing/)
luwcy2,gp97h1a,australia,mickygnt123,1614564243.0,"Good luck with Kakadu, please check closures if the whole place doesn‚Äôt get closed."
luwcy2,gp9uyp0,australia,ziltoid101,1614579180.0,"Kakadu is without a doubt the most spectacular place in Australia, both culturally and naturally. Wish I could go there every year."
luwcy2,gp9q0nr,australia,WretchedMisteak,1614575489.0,"Domestic tourism may be up but I am not sure [Kakadu numbers](https://www.abc.net.au/news/2020-03-03/kakadu-nt-tourism-operators-seek-answers-parks-australia/12018350?utm_source=abc_news_web&utm_medium=content_shared&utm_content=link&utm_campaign=abc_news_web)will increase. Adding to that there are calls for the park to be shutoff.  There is too much politics around the whole NT and sites there. Turns me off completely going there, adding to the fact it costs a small fortune to fly and stay."
luwcy2,gpag681,australia,Darth_Krise,1614598939.0,Kakadu is definitely on my Aussie bucket list
luwcy2,gpa58hp,australia,GusPolinskiPolka,1614588250.0,"I highly recommend hiring a 4WD if anyone goes to Kakadu. While a lot of the sites are accessible without it, you can get to some pretty near spots that others can't - including for camping, swimming (croc free) and hiking. We had campgrounds to ourselves, took the fly off our tent and camped under the stars and in the morning drank coffee by a billabong swarming with bird life. So idyllic."
luwcy2,gpa5ofz,australia,The_Real_Eazy,1614588677.0,Isn't most of kakadu close to the public. No point going unless they reopen it ALL again.
luwcy2,gpdkljv,australia,sufee,1614655669.0," I'm a Top End local and the Traditional Owners are currently considering closing Ubirr to tourists due to neglect of other parts of Kakadu. As an example, they'll use Ubirr as an example of the power they have to shut down sites if other parts remain neglected"
luwcy2,gsgtxd6,australia,None,1616861866.0,"Be sure to boom into our cultural immersion once the season is open. Look up Kakadu billabong safari camp, I‚Äôm a tour guide there at my families business."
luwcy2,gpdkkqu,australia,sufee,1614655657.0,"I'm a Top End local and the Traditional Owners are currently considering closing Ubirr to tourists due to neglect of other parts of Kakadu. As an example, they'll use Ubirr as an example of the power they have to shut down sites if other parts remain neglected"
luwcy2,gp9rvhx,australia,Justanaussie,1614576821.0,"Don't have too, the government body tasked with looking after Kakadu (supposedly in conjunction with the traditional owners but...) has been doing it's best to ignore anything that isn't a Uranium mine.  [Four Corners](https://www.abc.net.au/4corners/kakadu-in-crisis/13180512) did a program on it."
luwcy2,gpa5oxw,australia,peteyd2012,1614588691.0,"Went to Darwin (I'm from country Vic) for a holiday in 2015, but didn't go to Kakadu.  Supremely disappointed in myself."
luwcy2,gp9zl9q,australia,None,1614583033.0,"As someone commented, the term originated in Canada, but I don't see why it can't be used in Australia. For one thing, it's First Nation**s** plural, since as you point out Aboriginal people are not one homogenous group. Looking up the definition of 'nation' gives me ""a body of people united by common descent, history, culture, or language, inhabiting a particular country or territory"". I don't see why that couldn't apply to each tribe. Different people will prefer different terms but some find 'First Nations' or 'First Peoples' more respectful than 'Aboriginal' or 'Indigenous'.  Obviously it's not a traditional Aboriginal title, but neither are the terms ""Aboriginal"" or ""Indigenous"".  It would certainly be nice if people used more specific tribe/nation names where possible though. I understand the traditional owners of Kakadu are Bininj and Mungguy."
luwcy2,gpa829l,australia,None,1614591050.0,"Just to elaborate on /u/YinaarGomeroi , it's First NATIONS. It is a good term to describe Aboriginal peoples because of the diversity of language and culture. Australia is HUGE and a place like Kakadu is VERY unique with its own seasons, animals, landscape and resultant way of life. A way of life completely different to how the people in say the Darling / Barwon river area or the people on the south east QLD coast would have lived. Also not to mention people in Kakadu would not intermingle with people on the east or west coast unless they happened to permanently migrate there. It's too far to walk just to have a corroboree."
luwcy2,gpammkk,australia,None,1614603822.0,"Excuse me buddy, the only people I have seen throwing waste and rubbish everywhere are the Indigenous people. The own inhabitants of Kakadu National Park. It‚Äôs appalling how many cars are left everywhere to rot because who cares? they will get royalties soon and they can buy another car. They all leave rubbish around and one day I asked them when they don‚Äôt try and keep their land clean and they told me the White man brought the rubbish into their lives, so the white man has to clean it up!"
luwcy2,gp95j12,australia,loosegravity,1614563148.0,I couldn't tell you the particular story behind this drawing but here's a bit about the whole site if you wanted a read https://parksaustralia.gov.au/kakadu/do/rock-art/
luwcy2,gpa8jfw,australia,None,1614591533.0,"Most of Kakadu is seasonally closed right now due to floodplains and wetlands being flooded, leading to the possible migration of crocs into the swimming spots."
luwcy2,gp9773r,australia,B0ssc0,1614564090.0,"> Our tour guide Ray called everyone to gather around a particular stick figure of a man with barbed spears and a dilly bag above a signage that says, ‚ÄúA Lesson in Good Behavior.‚Äù  >The image is that of Mabuyu, a hunter. ‚ÄúHe was dragging his catch on a string after a day of fishing,‚Äù Ray narrated, ‚Äúwhen someone cut it and took the fish. He followed the culprit and waited until they have had their meal, hoping that there would still be a few fish left and that they would share them with him. There was none. That night, as the thieves slept inside a cave, he blocked it with a huge rock, trapping everyone inside it.‚Äù  https://www.thepoortraveler.net/2015/07/ubirr-rock-art-walk-in-kakadu-national-park-australia/   https://www.environment.gov.au/system/files/resources/880173ff-56cc-4a0e-bb4d-7f123f515417/files/gunbim.pdf"
luwcy2,gpa01v4,australia,shrekwouldntwantthis,1614583435.0,Awesome! I've been there a couple of months ago. People prefer the Lichfield-Nationalpark and miss out on this true gem. Kakadu doesn't get the recognition it deserves.
luwcy2,gpad5px,australia,Tobesity,1614596193.0,Fuck yeah I would mate I'd do that in a heartbeat. Pay to go to Kakadu and spend time out there? That's a no brainer bro
og5ai6,h4hb2ie,natureismetal,nick-daddy,1625756647.0,I remember having a job spraying weeds all along the Kakadu highway and on occasion I n Kakadu national team park.  Was always shitting bricks anytime I was working near bodies of water.
og5ai6,h4hkxnl,natureismetal,maxlmax,1625761011.0,"I did the river tour at kakadu national park and the tour guid was like ""this is maxi, the dominant male of this area"". Maxi stayed with the boat for over half and hour and the pics I took of him in the sunset are some of my proudest. Amazing to see him like this"
og5ai6,h4kn8si,natureismetal,thatHadron,1625822409.0,Went on holiday to Kakadu a few months ago. It‚Äôs a beautiful place
og5ai6,h4imqth,natureismetal,Fredwestlifeguard,1625777824.0,I went to Oz years ago and ran out of money do no Kakadu for us. But I seem to remember people saying you can swim in the river there and the crocs won't go for you. Either my memory is totally fucked or I got some seriously wrong info...
og5ai6,h4jozj2,natureismetal,DzlDzl,1625797269.0,"Great Rule - we went somewhere in Kakadu which had a sign , safe to swim but i was way too nervous. There were areas i remember that were seasonal Croc Spots , but do they really disappear completely at certain times of year,?"
1fngcn4,loi7aqy,Spacemarine,TheGoldenSpud,1727088221.0,Man Kakadu national park looks different than I remember üòú
1fngcn4,loi4150,Spacemarine,KindIssue6625,1727086187.0,Kakadu üòùüòÜüòÜüòÜ
1fngcn4,lonnqvl,Spacemarine,Prestigious-Wrap5178,1727162950.0,Never been to Kakadu myself but have wanted to and was aware of the huge amounts of crocodiles but didn‚Äôt know there was a titan! Tourism Australia needs to up its game and capitalise on that
1fngcn4,lonp4kk,Spacemarine,Zacflemo,1727163948.0,"Lmao, it was unintended the spelling of the planet xD, buut its officially Kakadu cause we made the 'nids kaka themselves, also it definitely sounds like something the Imperial Guard would joke about calling the planet Kakadu, instead of Kadaku ü§£"
1fngcn4,loi58qw,Spacemarine,Zacflemo,1727086966.0,"That's right!  It's officially renamed as kakadu, cause we beat the shit outta the 'Nids"
1fngcn4,lojeodj,Spacemarine,TanyaMKX,1727105426.0,Wait fr? I thought they were called campaign missions tbh  Also i wasnt trying to be facetious so i apologize if i came across that way. I was just expanding on the other guy saying you lived in an alternate dimension since you asked. At least how i believed the dialogue unfolded.  Edit: in hindsight he may have been joking about Kakadu rather than Kadaku idk lol.  Imma be calling it kakadu moving forward though
waxz5y,ii4znr7,news,schaudhery,1659108386.0,Kakadu is exactly how my 3 year old would say crocodile.
waxz5y,ii4sjyz,news,fun-guy-from-yuggoth,1659105610.0,"""Kakadu"" sounds like a euphamism for poop.  Just dayin'."
waxz5y,ii4h4zk,news,shavemejesus,1659100768.0,Sounds like they‚Äôve got kakadu for brains.
waxz5y,ii4quqw,news,StopBadModerators,1659104935.0,"People are there on Google Earth too. If the last human death there was 2017, and then the one before that was 1987, then it's not exactly a death trap. *I* wouldn't want to go stand there, but statistically your chances of survival are high if you're standing in that area. https://earth.google.com/web/search/Cahills+Crossing,+Arnhem+Highway%2fOenpelli+Road,+Kakadu+NT,+Australia/@-12.4268723,132.965271,16.10502709a,0d,80.2010907y,26.62818928h,70.19274289t,0r/data=CigiJgokCSz5ZeFA6ynAER45jBYqXirAGZVTa9twkmBAITx-AnNTg2BAIjAKLEFGMVFpcE9JUTBnTFV5bEpjTEgtY1JaSTFrMFVCWVNicXhrUWlhdWVteWV4EAU"
waxz5y,ii6std6,news,Roundaboutsix,1659134567.0,Dirty water.  (‚ÄúIf the Croc don‚Äôt get you...  the Kakadu.).   /s
waxz5y,ii45st2,news,008Zulu,1659094896.0,"Kakadu National Park is located in the Northern Territory, who's capital city, is Darwin."
1n0ehhp,naqt39m,hungary,Creepy-Ground1495,1756207029.0,"Hang n√©lk√ºl t√∂k vicces. Kakadu ahogy vissza-visszan√©z a m√°sik cs√°v√≥ra visszajelz√©s√©rt, h ugye j√≥l mondom fel a leck√©t, ugye-ugye-ugye?"
1n0ehhp,naqvrv4,hungary,demicsinasz,1756208150.0,"A Pilatus PC-12 egy turboprop business class g√©p, nem egy Cessna 150-es kis hobbig√©p. Igen, mindkett≈ë fel tud sz√°llni f√ºves p√°ly√°r√≥l. Ugyan√∫gy ahogy egy Suzuki Swift √©s egy Ferrari 550 Maranello is el tud menni egy, mondjuk, kavicsos √∫ton. Att√≥l m√©g el√©g nagy k√∂zt√ºk a k√ºl√∂nbs√©g. Nyomi kakadu elvekonyodo hangon sip√°kol, nem sok van m√°r h√°tra nektek, ne agg√≥dj"
wau07z,ii5581k,australia,pedrovic,1659110515.0,Kakadu?  Kakadon't
wau07z,ii8j74j,australia,OliviaFa,1659170286.0,"Well at least one crocodile was in the incident in 2017. Like, why does the crocodile have to be shot and killed?  https://www.abc.net.au/news/2017-01-20/man-dead-in-suspected-croc-attack-at-cahills-crossing-in-kakadu/8196730"
wau07z,ii3btx4,australia,None,1659073107.0,"this makes me cringe soooo hard.   I used to live just outside of Kakadu and the stories I would hear of extremally stupid tourists doing exactly what the people in the video were doing, where they would go up to the bank just to get a closer look, and they would just get taken. like yeah defiantly worthy of some Darwin Awards"
wau07z,ii4lbqc,australia,BoringAssAccountant,1659102635.0,"When we visited Kakadu, there were tour guides openly telling tourists they could safely ignore the no swimming signs (granted this was 20 years ago so).  If a tourist is told the signs can be ignored in one place, they probably assume they can be ignored in more places."
wau07z,ii3nnxc,australia,B0ssc0,1659081514.0,https://www.abc.net.au/news/2017-01-20/man-dead-in-suspected-croc-attack-at-cahills-crossing-in-kakadu/8196730  And what it is said to feel like  https://www.escape.com.au/destinations/australia/what-it-feels-like-to-be-mauled-by-a-crocodile/news-story/8c3bf39b96984a275f60b0aa1c96c61d
16jc9ae,k0u2vvm,darwin,Billyjamesjeff,1694871389.0,That small of a dog has got to be way down food chain in Kakadu.
16jc9ae,mebwniy,darwin,Maleficent_Ratio_308,1740313206.0,"There are so many feral animals in Kakadu, why are you worried about this probably desexed dog?"
16jc9ae,k0tzode,darwin,Ravanast,1694869958.0,"[No they‚Äôre not.](https://nt.gov.au/parks/safety-rules/rules-for-pets-in-parks). And Kakadu is a Commonwealth Park not NT Park, [still not allowed though.](https://parksaustralia.gov.au/kakadu/faq/#can-i-bring-my-dog-into-kakadu)"
1iym8br,mevoi6r,talk_hunfluencers,browniepiee,1740575508.0,OPIZT KAKADU BARBI XDDD
1iym8br,mew3zg3,talk_hunfluencers,xmoonxshinex,1740580853.0,Kakadu ü§£ü§£ü§£ü§£
1feyjxi,lmqzosy,europe,EffectiveWhole902,1726140468.0,Kakadu
1lqk715,n13fanx,hungary,stolendogtooth,1751532618.0,<felcsillano kakadu szemek>
1g7aikw,lsqhq6z,FostTalicska,Nem_POTAI_69420,1729368244.0,>Kakadu gengszter az √©letem.
n4k0q6,gx0848x,australia,firstjacob40,1620204647.0,Can sacred areas be fenced off or incur a penalty without a traditional guide? I've lived in NT for 2 years. Never gone to Kakadu. Can we be given proof of the disrespect so we can work together for public access and fix these problems? What is this about?
n4k0q6,gww5qz7,australia,None,1620126430.0,"Too bad, the people of Kakadu and Arnhem Land know where they stand. Its not just a fucking religion. Its the wrong word to use. Its their way of life and every bit of it developed in unison with the land and the insights it revealed over 60000 years."
n4k0q6,gx3hi2x,australia,B0ssc0,1620262372.0,"> The Aboriginal Areas Protection Authority alleges the track was illegally constructed close to a restricted sacred site without an Authority Certificate.  >Today in Darwin Local Court, prosecutor Ray Murphey said he wanted to know ""whether the defence concedes"" that custodians made it known where the track was not to go, on the day of a site visit.  > The court heard the sacred site in question was a men's site, which under Aboriginal law and custom was not allowed to be viewed by women and children.  >""The offence we say, your Honour, [is] that the custodians have taken the defendant and its agents to the area where the path was constructed, they've told them where the path can go, and the defendant ‚Ä¶ [has] nonetheless expended millions of dollars of taxpayers money and constructed the path next to that significant feature of the sacred site,"" he said.   https://www.abc.net.au/news/2021-05-06/aboriginal-artefacts-returned-to-nsw/100111914  The article goes on to explain that Parks Australia are trying to hide behind Commonwealth Constitutional immunity to do what they like -  > But lawyers for Parks Australia requested the case be adjourned, raising ""constitutional issues"" of Commonwealth immunity in relation to the Sacred Sites Act in Kakadu National Park.  >""[Parks Australia] is not in a position to respond in full to these points until the constitutional issues are dealt with,"" defence lawyer Todd Herskope said."
n4k0q6,gwygnv9,australia,Ajaxeler,1620167109.0,The old track was relatively rough and possibly damaging to the environment. Looks like the new track is built over all the terrain.  I'd guess its to make the major draw card of Kakadu a little more accessible for all.  &#x200B;  [this article has their reasoning](https://www.abc.net.au/news/2020-07-10/nt-gunlom-falls-stays-shut-due-to-potential-sacred-site-damage/12440690)
n4k0q6,gwyhd9w,australia,Ajaxeler,1620167436.0,You can't name them. Many of the sacred sites across the NT are heavily guarded and hidden and known only to locals.   I back-country hike all the time in Kakadu and there are strict rules around where you are allowed to hike. You also aren't allowed to take pictures of the art and share them on social media unless its a known art site like Ubirr. The fact is if they named them to the general public and shared where they were then people would be trying to go no matter how many signs tell you not to.
1mwxuh1,na11df6,hungary,ElectricalMacaroon96,1755842558.0,Bazd meg a penetr√°ns telepi kurva any√°dat te redvad√©k Haza√°rul√≥ F√©reg Kakadu elvt√°rs. Munk√°cs kapcs√°n lett volna ekkora a pof√°d bazdmeg.
1mwxuh1,na10sxu,hungary,evad4009,1755842253.0,"Kakadu is letiltott fb-n :/ m√°r 2. miniszter tiltott, hogy m√©g kommentelni se kommenteltem al√°juk"
1mwxuh1,na1jsje,hungary,starkatheart,1755853129.0,Just Kakadu things
1mwxuh1,naxpmma,hungary,RopeGuilty4464,1756297521.0,"Kakadu , az√©rt ideges, mert nem lesz milli√°rd a zsebbe, a ""nagyon dr√°ga ""olajb√≥l. De ha j√≥l tudom, a faterja m√°r szerzett neki--a Vasutas --mel√≥b√≥l  5 milli√°rdot, mint spicli. Petiminiszter pedig vagy keveset vagy sokat szakitott , a horkol√°sg√°tl√≥k √©s a vakcin√°k beszerz√©s√©b≈ël. Vagy net√°n m√°r k√©sz√ºl, a k√ºlf√∂ldi luxiz√°sra, mint anno--"" kuszaszem gyuri "", amig lehetett lopni az MNB-t≈ël.  De ha igy folytatja, megkapja, kakadunak meglesz a "" h≈ës anya "" kit√ºntet√©se is ! Ha kell, ez is el√°rul, ellop mindet, mert neki lehet ."
1l7wr7p,mx3f2v2,soccer,Hasssun,1749592255.0,Love a good kakadu.
1lq345e,n0zinm2,AskAnAustralian,FewRecommendation859,1751480350.0,Kakadu will be very hot and coming into the storm season. I‚Äôd go Kangaroo island that time of year.
1lq345e,n10z4f9,AskAnAustralian,alstom_888m,1751496192.0,Kangaroo Island.  You want to go to Kakadu in July.
1lq345e,n110jrl,AskAnAustralian,Frumdimiliosious,1751496662.0,"November in Kakadu is the build-up, so it can be humid and oppressive without the relief of the rain coming through. Most of the sites will probably still be open, but you'll find it more difficult to get a tour to them and may need your own transport. And if you're not from the tropics you'll find the days quite exhausting in the heat."
1lq345e,n114n5h,AskAnAustralian,Ozdiva,1751498003.0,As everyone‚Äôs said Nov is not the time to visit Kakadu whereas Kangaroo Is will be great. We visited in January and had a fantastic time. You‚Äôll see the most wildlife at dawn or dusk.
1lq345e,n1168v8,AskAnAustralian,redditofexile,1751498529.0,While Kakadu is far superior in my opinion that is not when you want to go there. Kangaroo island.
1lq345e,n11stm8,AskAnAustralian,EmulsifiedWatermelon,1751505886.0,Never been to Kakadu but I ADORE kangaroo island. My brother lived there for a few years and so I visited with and without my young kids. It was incredible every trip.
1lq345e,n1aeq4o,AskAnAustralian,None,1751628142.0,"I have spent a fair bit of time in both places and this is my take.¬†   KI will be more pleasant weather. A Mediterranean climate. Beautiful beaches and decent wild life. There are wineries and a few things to do but honestly, if you want to visit somewhere that might blow your mind kakadu is the place to go. It will be hot and uncomfortable but you will see big crocs at cahills and the fishing will be firing up so get a fishing rod and catch some barra. Indigenous culture is very strong so you will meet interesting people and the yellow water cruise cannot be topped in australia in my opinion. On your way to kakadu you can stop at the humpty doo pub and visit the jumping crocs.   Feel free to ask questions if you have any."
1lq345e,n1fon22,AskAnAustralian,ThisWeekInTheRegency,1751700018.0,"Kangaroo Island. Going to Kakadu in the Wet would be amazing but uncomfortable, and you wouldn't be able to see most of it anyway."
1lq345e,n1jv61g,AskAnAustralian,Cheeseoholics,1751758542.0,Kakadu will be hot humid and possibly flooded in Nov. No thanks.
1lq345e,n1mgtrm,AskAnAustralian,theobviousanswers,1751804512.0,"November is very very intense at Kakadu. Even locals are hot, angry and over it at that time of year. If you really can stand the humidity it‚Äôs a kind of amazing experience and the sunsets tend to be even better cos of the humidity, but you honestly are so hot and the air feels oppressive and ¬†electric waiting for a storm that usually won‚Äôt arrive til December or Jan, it‚Äôs a very intense time.  If you go all the way to Kakadu (via Darwin I assume?) try not to miss Litchfield- it‚Äôs amazing in its own way, the pair are spectacular."
1lq345e,n1cafl3,AskAnAustralian,lfc_mtl_supporter,1751650721.0,"   I appreciate the help. I'll be going to Uluru at some point, which from my past experience had a lot of Indigenous culture, as for the crocs... I was thinking of spending a few days in the Daintree forrest a bit towards the end of my trip as I make my way down the East Coast. Maybe that could help replace Kakadu?"
1mj686m,n7bw25f,4x4Australia,Single_Restaurant_10,1754525599.0,You are so wrong‚Ä¶.!!!!  https://www.carsales.com.au/cars/2016/toyota/landcruiser-prado/kakadu-badge/western-australia-state/ $50k WTF?? Old mate would be better off leasing a new one
1ie81f2,ma65wvt,Suomi,Hapsiainen30,1738317020.0,"Kakadun kaltainen kotiel√§in kangistuu kylm√§ss√§ kovin kevyesti. Kunpa kukin kalajokelainen kytt√§isi kotikyl√§√§ns√§ katse kovana, kunnes kakadu kulkeutuu kotiin."
1ie81f2,ma5vupp,Suomi,UnfairDictionary,1738310748.0,Saatiinkohan kakadu lopulta onnellisesti kotiin? Toivottavasti t√§m√§kin tieto p√§√§tyy reddittiin
1e9ideo,lefowfc,worldnews,yodeah,1721679294.0,kakadu a kurva anyad
1mj4cq0,n788ied,AskMechanics,No-Whereas-8912,1754486893.0,Thanks so much for your comment. Appreciate it.  Do you know if the 1GD-FTV engine has issues with 2016 Toyota Prado Kakadu? Someone else said I might have to replace camshaft (I have no idea what I‚Äôm saying) but they haven‚Äôt looked at the car hence why I‚Äôm asking if it‚Äôs common.
1il91r5,mbxuc7r,australia,Kakaduzebra86,1739149787.0,This is in Kakadu
1l6ytvm,mwsolmw,Anne,Ozdiva,1749456638.0,Kakadu?   Honestly I don‚Äôt think so. She expected she‚Äôd be introduced to Christianity but not that she‚Äôd be abused.
1l6ytvm,mx8ghtz,Anne,Grand-Chance9588,1749662884.0,'Kakadu' is making me chuckle üòπ
1nghl7p,ne5quf1,TurkishBirds,syusuwuwu,1757854604.0,"Katƒ±lƒ±yorum, kakadular ne kadar tatlƒ± olabiliyorsa o kadar deli olabiliyor. Ayrƒ±ca insan bakƒ±mƒ± altƒ±nda olumsuz durumlardan en √ßok etkilenen, mutlu etmesi en zor cinslerden biri. Kayƒ±klar da b√ºy√ºk olmayan boylarƒ±na raƒümen inanƒ±lmaz enerjik ve kontrol etmesi zor hayvanlar. Davranƒ±≈ü bozukluklarƒ±na en yatkƒ±n t√ºrler oluyor bu a≈üƒ±rƒ± enerjik t√ºrler. Mutlu edilmezlerse, ki mutlu edebilmek ger√ßekten zor, kendilerine zarar vermeye ba≈ülƒ±yorlar. Buna ba≈üladƒ±klarƒ±nda da tamamen iyile≈üebilme √ßok nadir.  OP, ≈üunu da belirtmek lazƒ±m ki papaƒüana verdiƒüin paranƒ±n yakƒ±nƒ±nƒ± bakƒ±mƒ±nda kullanacaƒüƒ±n e≈üyalara da vereceksin. B√∂yle kontrol edilmesi zor t√ºrler spesifik ya≈üam ko≈üullarƒ± ve bir s√ºr√º ilgi, para istiyor. Kakadu alacaksan masraf olarak b√ºy√ºk t√ºrlerde 150k, k√º√ß√ºk t√ºrlerde 60-70k, kayƒ±k alacaksan da 40-50k √∂demeye hazƒ±r ol. Veteriner masraflarƒ± dahil de deƒüil. Piyasada bulduƒüun b√ºy√ºk kafesler bile yeterli olmayacaktƒ±r bir kakaduya. Mesela profilimden kendi kafesimi g√∂rebilirsin, piyasadaki en b√ºy√ºk kafeslerden biri ve ona en fazla kayƒ±k, k√º√ß√ºk t√ºr konur, pakistan papaƒüanƒ± falan konur. Jako bile koymam ki jako dediƒüimiz hayvan kakadunun enerjikliƒüinin asla yanƒ±ndan ge√ßemez.  Abartƒ±ldƒ±ƒüƒ±nƒ± iddia eden birinin kendi ku≈üuna ger√ßekten d√ºzg√ºn ko≈üullar saƒüladƒ±ƒüƒ±ndan √ßok ≈ü√ºphe duyarƒ±m. Kedi k√∂pek gibi hayvanlar deƒüil bunlar, vah≈üi hayvanlar."
1gbejhu,ltl46tw,australian,Ambitious-Deal3r,1729807105.0,">By James Elton  >**In short:**  >Parks Australia has been handed a historic $200,000 fine after the Commonwealth agency pleaded guilty to exposing a sacred site at Gunlom Falls.¬†  >The waterfall has been closed to tourists since 2019, after a sacred men's site was damaged during the construction of a walkway.  >**What's next?**  >Traditional custodians say the popular site in the Northern Territory's Kakadu National Park will reopen to tourists next year."
1gbejhu,ltmp1qk,australian,Xevram,1729828058.0,"Fair enough it's a fed govt agency so the fine is ultimately paid by tax payers. So us tax payers are really asking Parks Australia North, PAN to do better.  But there is a lot more nuance to the whole saga.   Markham senior was a friend and work colleague for many years, we talked this issue though quite a few times. In the first instance the  various sites had been well mapped and Anthropologicaly certified. PAN knew and had all that information. They did follow consulting process re location of the proposed walkway, impact(s) and cultural sensitivity. Then they went ahead and had it constructed in the wrong location contrary to what had been understood.  More to it but that is the gist of it.   M Markham and families were put under considerable pressure to keep Gunlom falls, campsite open, but with the track closed. But a very important point had to be made and a precedent underlined and set in stone. So no deal.  Topend and Katherine region tourism suffered, operators had to redesign itineraries etc etc. BUT first nations people and the custodians had full support from the vast majority of tourism interests.  As an aside, the only reason PAN is the 'governing' body in Kakadu is because of its world heritage status. Elsewhere in the NT it's parks and wildlife. An outstanding group of professionals with excellent trust and rapport with first nations people. So quite a few of the first nation's groups in and around Kakadu are not happy, comfortable or really trusting of PAN.  Note World heritage status was not something that first nations custodians asked for. Government of the day pushed it ahead. It's a good thing in many ways, but PAN well maybe not so much."
1gbejhu,ltl8nel,australian,Ambitious-Deal3r,1729808643.0,">A judge has handed down the largest fine in history under the Northern Territory's sacred site laws after a sensitive men's site was exposed at Gunlom Falls in Kakadu National Park.  >The case centred on a walkway that Parks Australia constructed in 2019 to help visitors safely get to the top of the famous waterfalls.  >Traditional owners supported a track, but not the route it took as it went within 10 metres of a sacred rock art site they said should only be seen and accessed by men.  >Earlier this year, Parks Australia pleaded guilty to damaging the site and its director travelled to the falls to deliver an apology to traditional owners.  >As the landmark on-country hearing ended on Wednesday, Judge Elizabeth Morris ordered Parks Australia to pay a $200,000 penalty for the breach.¬†  >It marks the first time a Commonwealth agency has been punished under the NT legislation.  >""I note that this defendant should have conduct of the highest order and should be held to a standard that the public expects of one of its national institutions charged with managing our environment,"" Judge Morris said.  >The judge said while Parks Australia had not been ""wilfully ignorant nor in complete disregard for the interest of the Jawoyn people"", she found the agency had not been ""in any way sufficient"" in its consultations with traditional owners to avoid the ""cultural disturbance of the site"".  >During the extraordinary two-day sentencing hearing at the site, the court heard victim impact statements from senior members of three Jawoyn clans with deep connections to Gunlom Falls.  >""I want my spirit to be happy, I want my ancestor's spirit to be happy,"" said Rachael Willika Kendino, a custodian of the Bolmo clan.  >Joe Markham, another senior Bolmo custodian, described a feeling of ""powerlessness"" that came from not being able to fulfil his cultural obligations to care for the site.  >""I felt I had failed,"" he told the judge.  >Bernadette Calma of the Wurrkbarbar and Matjba clans said she had experienced a strong backlash from tourists since the site closed five years ago.  >The judge said it was clear the traditional owners had suffered ""personal, cultural and community consequences"".  >**Gunlom Falls to reopen next year**  >Joshua Hunter, a senior Wurrkbarbar man who welcomed the judge to Jawoyn land, said visitors would be allowed back at the falls some time next year.  >Ms Kendino said the country would ""heal"" as custodians ""speak to our ancestors"" and get back to teaching young people their customs.  >She also said she looked forward to repairing the relationship with Parks Australia.  >Director of National Parks Ricky Archer said the agency ""completely accepts"" the decision.  >Mr Archer was not the director at the time of the track's construction but said he felt a great sense of relief the long-running legal saga, [which reached the High Court last year](https://www.abc.net.au/news/2024-05-08/nt-gunlom-falls-kakadu-high-court-decision-on-appeal/103818866), was finally resolved.  >""As an Indigenous person, I take the protection of sacred sites to heart,"" he said.  >Mr Archer, who thanked the Jawoyn people for their patience, said he looked forward to working with them on the falls' reopening."
1nnfslz,nfkjzhs,CarsAustralia,Ok_Bell3069,1758533420.0,"In that budget, the Prado Kakadu is hard to beat for reliability and aftermarket support. Alternatives would be the **LC200 (higher kms at that price)**, or maybe a **Pajero Sport Exceed** if you don‚Äôt mind something smaller. Patrol Y62s sometimes dip into the high end of your range too ‚Äî heaps of mod potential, but thirsty on fuel."
1lw0w4v,n2gzoc8,Akubra,eshatoa,1752197192.0,I'm from the NT - bold choice wearing all black to Kakadu brother. How was the heat?
1m4im3v,n4bxwpj,darwin,jdillpickle,1753101664.0,In Jabiru make sure you check out Marrawuddi and Kakadu Kneads bagels!
1m4im3v,n48cqss,darwin,Kooky_Ad961,1753045904.0,Motorcar falls is also nearby to Gunlom and is well worth the visit.  Boulder creek falls on the same track has mostly stopped flowing and won't be very nice to swim in
2ta9qp,cnxf2b0,AdviceAnimals,polio23,1421951750.0,Or Kakadu national park 
p1qao4,h8f4rxq,birdswitharms,Accidental_Ouroboros,1628609269.0,"Yeah, OP might just be German, as kakadu is the German word for cockatoo."
1mpucbm,n8mda7k,hungary,Historical_Sign9122,1755162973.0,Kakadu m√°r tikkel ?
1mbi9cr,n5mi5zg,AustraliaTravel,Coalclifff,1753716877.0,"Yes - they are both very long day-trips. If you must do just one, I would say Kakadu NP.  Even if Jim Jim Falls and Twin Falls were open, they would be really hard to include in a day-trip - the park is enormous.  Litchfield NP is nice indeed, but not in the class of the other two."
1mbi9cr,n5rsbgm,AustraliaTravel,Frumdimiliosious,1753786646.0,"I'd go to Kakadu. If you want panoramic nature views, that's Ubirr. I wouldn't rate the other stops as the best parts of Kakadu but it's very hard to get a great one day tour."
1mbi9cr,n5osrb0,AustraliaTravel,the-boss-lady16,1753740388.0,are the sights worth it in Kakadu for just the aboriginal rocks itself? Seems like I can get crocs in Nitmiluk so then not sure what other landscape views I am trading in with Kakadu for that longer drive?
1mbi9cr,n5ovwl6,AustraliaTravel,Coalclifff,1753741389.0,"Nitmiluk NP is very scenic, but sort of a one-trick pony - with a series of red-rock gorges.  Kakadu has a lot more variety, and a lot more crocodiles!  The Yellow Waters cruise at Cooinda is wonderful.  There's not a lot of difference in the travel times between the two."
1mbi9cr,n5p8nmm,AustraliaTravel,the-boss-lady16,1753745548.0,"Got it, but I havent found any day trips from Darwin that include Yellow Waters cruise? The only other option in Kakadu i see is the Guluyambi Cultural Cruise."
1lnb43c,n0f935x,darwin,WantonMonk,1751211818.0,you're better off checking the message boards at the hostels and putting up a notice.  Also if you've only got a day you're better off doing Litchfield.  It's basically mini Kakadu.  Waterfalls and swimming minus the Rock art.
1lnb43c,n0eaex3,darwin,New_Pop4185,1751199566.0,"Genuine question, why did you sell your car before going to Kakadu?"
1md7aln,n6akzov,darwin,Kakaduzebra86,1754022029.0,Ranger here. Highly recommend this. https://kakadu.gov.au/things-do/activities/walks/barrk-sandstone-walk/
1lkv5z4,mzw37lw,CarsAustralia,Upset_Mathematician6,1750949032.0,"I love the VX grade. It has just enough niceties that‚Äôll mean I won‚Äôt consider another large SUV for a long time. Unfortunately however, 2014-2017 VXs are currently selling in the 40k area unless you want to buy one with over 300,000kms. You can cross the Kakadu‚Äôs out as they‚Äôll be mid to high forties.   Probably the biggest selling point to buying the VX and Kakadu is that KDSS suspension. It‚Äôs absolutely brilliant for both off-road AND on-road use. It completely changes how the car behaves and feels when driving. Imagine a full-sized body on frame 4x4 cornering like a small Mazda CX-3. Very little to no body roll at all. If you can stretch your budget, I‚Äôd recommend trying for those two top grades."
1juwndx,mmxftqo,OutdoorAus,Nerdmum02,1744565955.0,I grew up in Kakadu.  Dad was a park ranger there for 30 years Incredible place and a piece of my heart will always be there üíï
1kz8wzo,mv4tvyn,PrequelMemes,JohnsonGamingReal,1748637564.0,kakadu stein
1k54fa5,moj51li,4x4Australia,MR_cHEesE68,1745369930.0,"All of the early Kakadu‚Äôs came with the rear locker and crawl control except the ones that were optioned with the adaptive cruise control, where the offroad features were removed."
1k54fa5,mofbzpi,4x4Australia,fitness2022,1745327630.0,Yeah my understanding was also the centre lock was standard - with the kakadu getting the rear locker as standard. Not sure if VX also got it
1k54fa5,mofm5ne,4x4Australia,East_Customer_1753,1745331032.0,Hmmm.. i dont thinm vx had em i thought all kakadus should have it.  The red circle one is a kakadu i looked at but didnt have it
1ku7870,mtzm9kv,darwin,deeosu,1748084035.0,"Stay at the Kakadu National Park camp grounds closest to what you want to see! Gunlom, Maguk, Kanamarr etc. $38 per family you pay campground manager when you‚Äôre there  https://kakadu.gov.au/stay/camping-caravans/caravans/karnamarr-campground/"
1ku7870,mtzc56j,darwin,CH86CN,1748077947.0,"Free but not quite in Kakadu- Harriet creek, Mary river roadhouse may be also. Not sure if any actually within the park are free   ETA: there are some free. Kid friendly depends on the kid I reckon  https://kakadu.gov.au/static/a91f4d3fd536fc9f823ee0202fa87eb1/knp-document-camping.pdf"
1ku7870,mtzd6zw,darwin,ResolutionLeast1620,1748078622.0,"Harriet creek campground looks pretty nice. Midway between mataranka/katherine and Kakadu, definitely can stay the night there. Thanks!   P/s by kid friendly tbh anything should be fine, just trying to avoid crocs prone areas. I‚Äôve brought my kid camping and hiking everywhere ever since he was 2 months old"
1aqdysm,kqeecwl,AlienBodies,External_Ad2995,1707926543.0,Hopi ant get around! I had to google this to make sure and wadda ya know. We now have actual bodies that match aboriginal art   https://localista.com.au/listing/au/kakadu/attractions/burrungkuy-nourlangie-rock-art-site  So what may be lurking in the caves of Oz?
ijw2u6,g3gdsmd,interestingasfuck,5_Frog_Margin,1598872891.0,"This place is known as  Cahill's Crossing on the East Alligator River in Kakadu Nat'l Park.  Quite a bit about it online, [here's a decent YouTube video](https://www.youtube.com/watch?v=8ojzUCDR6lg) from Wonder World about it."
1lr2z1e,n17k06q,aus,89b3ea330bd60ede80ad,1751582269.0,"> * Gunlom Falls, one of Kakadu National Park's most popular sites, will be reopened today, giving visitors access for the first time in six years. > * The waterfall was closed in 2019 due to a dispute between traditional owners and Parks Australia over damage to a sacred Aboriginal men's site. > * The top pool and campground will be reopened, but the bottom pool remains closed for now due to crocodile risk."
1lottqw,n0sqped,hungary,Dazzling_Frosting244,1751392340.0,Dzsudzsi √©s Kakadu ‚ù§Ô∏è
1ndhccw,ndgvy25,hungary,Sh1eldw4ll,1757520163.0,Izgatott kakadu hang√∫ v√©t√≥ kiab√°l√°s
1lcqcq7,my2gf9r,CarsAustralia,WarbirdRacer,1750076140.0,"First check, if you're okay with the ridiculous boot situation. GXL comes with a 5 seat option too. Which has decent boot space and low flat floor. Where KAK only comes with a 7 seat option. I would not buy the Kakadu and will go for VX personally, if you need LUX features."
nal4h7,gxvit98,EarthPorn,Redmondherring,1620839568.0,I'm an Aussie (living in the US) and visiting Kakadu is high on my bucket list. This picture reminded me of what I'm missing.
nal4h7,gxux2b8,EarthPorn,matthewmoppett,1620830632.0,"In the Yellow Water\* in Kakadu, that would be a saltwater crocodile. Biggest reptile in the world, unafraid of humans, and a deadly ambush predator.  \*  I think that's the correct name -- ""Yellow River"" is a mistake, I think."
1lj3998,mzh8y2m,4x4Australia,zephyrconn,1750753821.0,"Kakadu should be fine. There is plenty to see in Kakadu without the harder tracks, we were there last year and a lot was closed and we still enjoyed enough to stay busy. Don‚Äôt miss Litchfield, it‚Äôs awesome.  We also did the Gibb. Will just depend on where things are at. This time last year sections were badly corrugated but they were generally not that long, most of it was ok. Kalumbaru is worth a visit, sandy roads more then anything, exmouth sand tracks similar.  Purnululu is bumpy! We have a Hilux with clearance and modified suspension and an old Jayco Swan caravan. Went in and stayed for 3 nights, amazing but the hardware took a bit of a hammering!  Keep exploring and go steady, sounds like you‚Äôre getting it done, amazing fun.  Final note, if you don‚Äôt have one next time you‚Äôre somewhere grab a spare fuel filter or two. Cheap when purchased on your own terms and you‚Äôll probably need one!  Jealous!"
1lj3998,mzhprbp,4x4Australia,pfgalk,1750763115.0,"You'll make Kakadu....it is mostly bitumen. As for cape york, stick to the main roads and avoid the offroad tracks. I had a mate who took a prius up to cape york. He put a higher profile offroad tyre on, had a 1 inch lift and dropped his tyre pressures and made it up to the tip. Just slow down on the corrugated roads. Good luck and enjoy it."
1lj3998,mzi8rs2,4x4Australia,tux3196,1750770520.0,"Don‚Äôt listen to people, we did a half lap of Aus in an MG and an AU falcon, the AU actually saved two bogged hiluxes just near Roxby downs. And dragged the MG along the beach up in the NT. Got invited out to a remote community in Kakadu and it was sketchy but made it fine.   Get the biggest tyres you can fit, don‚Äôt be afraid to just foot down if you need to. Learn to straddle ruts.  Some bloke did Cape York in a mondeo the other week. Pretty sure all that had was bigger tyres and new suspension, not lifted, just new so there was no sagging."
1lj3998,mzn8i0j,4x4Australia,CH86CN,1750827145.0,"You can do 99% of the open sites in Kakadu with a 2wd. Twin falls and things like graveside gorge are probably pushing it, moline lower rock hole (but worst case scenario you can park slightly further away and walk the last like 500m)"
1lj3998,mzh33a9,4x4Australia,International_Cup588,1750750301.0,Short version> 2009 X-Trail (AWD). New to offroading. Got bogged on beaches. Tried some rough tracks. Car‚Äôs copping damage. Confidence gone.  Can this car handle real offroad stuff like Kakadu or Gibb? Or am I just bad?  Roast me so I can learn.  ‚ÄîDude stuck on curbs
1lj3998,mzmkrn4,4x4Australia,CruiserMissile,1750817745.0,"Cape York you can still do. I know a heap of people that have done it in the dry in 2wd sedans. It was a bit of a badge of honour back when I started out. Heaps of falcons and holdens and cortina‚Äôs made it to the top. My father done parts of Kakadu and the Daintree in his 1969 Holden panelvan. Pick your lines, pick your tides, pick your season. Only real modifications to the panelvan were an lsd and a bullbar. I‚Äôve still got the panelvan so it wasn‚Äôt destroyed, it just takes a good driver."
1kjz572,mrqlm2p,AustraliaTravel,Ortelli,1746966194.0,"That's enough time for Kakadu, I reccomend you stay in town we stayed at Anbinik Kakadu Resort which is very family friendly and has accommodation options for all budgets."
1k3d9nl,mo1ic9x,ninjacreami,SpiritualTop1418,1745122642.0,"Thanks, tasted great!  I used Mango, Kakadu Plum powder, pinch of turmeric and some cream and milk. Didn‚Äôt really measure."
1bppd8q,kwx8pw7,Crocodiles,ca3al,1711610741.0,"Hello everyone, I just wanted to share something that I think is interesting :)      This river is called ""Alligators River"" and it's located in Kakadu National Park, Northen Territory, Australia. There is a street crossing the river, when the water rises (only a few hours in the morning) all the fishes are jumping from side to side, so easy food for the crocodiles! Look how many, I could count like 30 of them!"
1bppd8q,kx0vvis,Crocodiles,Ravanast,1711664485.0,It‚Äôs the East Alligator River and runs the boundary between Arnhem Land and Kakadu National Park. The crossing is Cahill‚Äôs Crossing and is tidal. On the incoming tide mullet (fish) jump to traverse it and the crocs from the River gather :-)
1bppd8q,kx3q388,Crocodiles,Ravanast,1711717174.0,"No, it‚Äôs not. I just added some more accurate inofornation. There‚Äôs is no ‚ÄúAlliagators River‚Äù and it‚Äôs not in Kakadu NP.  There are East, West and South Alligator Rivers and they‚Äôre each 100 odd km apart. There‚Äôs no street, it‚Äôs a tidal causeway."
9p7xxg,e7zw5db,travel,heytherefwend,1539869061.0,What area of Kakadu is this? 
9p7xxg,e80niu1,travel,mmmountaingoat,1539891359.0,Gah not making it to Kakadu when I was in Aus a few years back in my #1 regret
9p7xxg,e8eymvw,travel,None,1540457051.0,i think i get why they call it kakadu
9p7xxg,e8s0qrc,travel,lovelylegbows,1540974713.0,I loved the rock art in Kakadu.  I found Australian Traveller suuuuuper helpful when I was planning my trip to Kakadu (to see rock art) but also when I was looking at other aspects of my trip to the NT.  Hope it is helpful in some way...   [https://www.australiantraveller.com/nt/arnhem-land/is-this-the-best-aboriginal-rock-art-in-australia/](https://www.australiantraveller.com/nt/arnhem-land/is-this-the-best-aboriginal-rock-art-in-australia/)
9p7xxg,ehb69s5,travel,mandragara,1551172662.0,Must be. Did you do nice things up there in October? How long did you spend in Kakadu? Any storms? The waterfalls can be a bit acidic after the first rains
9p7xxg,ehb6d2c,travel,Kiwitechgirl,1551172824.0,"We had an amazing time - we had three days in Kakadu and were there for the first storm of the wet season which was pretty amazing! We visited Ubirr, Nourlangie, Yellow Water, did an Arnhem Land day trip, scenic flight and the Warradjan Cultural Centre.  Such an incredible place."
9p7xxg,ehb816p,travel,mandragara,1551175896.0,"That's a pretty good mix of things!  I went up on the 8th of Feb. Did Litchfield, Kakadu (Barrk walk around Nourlangie, Yellow Water, Gubara, Yirmikmik, Ikoymarrwa etc), then Katherine (Butterfly gorge, Sweetwater etc).  Amazing area I agree, I'm going to be looking to do some 2 night off track walks next time I go up. This place has some good stuff but it's so expensive! https://www.bushwalkingholidays.com.au/kakadu-trips.shtml"
1fjp3wh,lnpl06t,WarshipPorn,XMGAU,1726653706.0,"""*TIMOR SEA (Sept. 16, 2024) ‚Äì The Royal Australian Navy Anzac-class frigate HMAS Warramunga (FFH 152) sails in the Timor Sea during Exercise Kakadu 2024, Sept. 16, 2024. Exercise Kakadu is the Royal Australian Navy‚Äôs premier exercise and provides an opportunity for regional nations to participate in multinational maritime activities, from humanitarian assistance and search and rescue operations to high-end maritime warfare scenarios*.""  U.S. Navy photo by Mass Communication Specialist 1st Class Greg Johnson"
1ach0jg,kjwsnty,AustraliaTravel,downundarob,1706417717.0,"The drive from Alice to Yulara (Uluru) will take you around 5 hours, please do not drive this in the late afternoon or on dusk, as you will be driving into the sun and the Lasseter Highway is statistically one of the most dangerous roads in the NT.  You will not need a 4wd for any of this area, but I would recommend a Camry or larger (a full size car). As you approach Uluru you can probably have some fun with 'fooluru' (Mount Conner)  There is only Yulara at Uluru, regardless of where you choose to stay it is going to be not cheap, for family friendly look at Outback Lodge or the Campground. Remember the climb **is closed** so if you were planning on that, forget about it. If your budget extends far enough a helicopter flight over the rock is well advised.  If you line up Darwin for a Thursday you will be able to experience the world famous Mindil Beach Sunset Markets.  As for Kakadu, book yourself in at Cooinda for night one, do the yellow waters cruise for sunrise, then move yourself up to Jabiru for sunset at Ubirr and then take in Nourlangie the next day, make sure you have tough walking shoes for all of this, and carry water.   I would also suggest you invest in some UHF CB Radio handhelds (you may be able to rent these) as they help communicate car to car on the roads, Channel 40 for trucks and 18 for RVs, you may also want to consider renting a Personal Locator Beacon."
1ach0jg,kjxasod,AustraliaTravel,Yeahnahyeahprobs,1706428192.0,"4 days is too long for Uluru. Save one and include Litchfield (Wangi Falls, Florence Falls) on the Darwin leg.  In Kakadu, don't miss a Yellow Water billabong cruise at Cooinda.   The drives are long, take your time and enjoy the landscapes."
1ach0jg,kk35je6,AustraliaTravel,None,1706523979.0,Yep.  Litchfield is wonderful.  If you can do the cruise (if it is still offered) at Kakadu.  I loved it!  Get your kids to keep an eye out for the jacanas.  (lily walking little birds with huge toes.)
1ach0jg,kjxo2r2,AustraliaTravel,Dai_92,1706437757.0,"Kings cannoy is amazing, I liked it better than Uluru, the climb at the start is a bit challenging fitness wise, but once you do that its pretty flat the down hill the other side. Go first thing like before the sun and you get a great view of the sun bouncing off the cannyon.  Your plan is pretty good, simliar to what I did. I'd go 6 days total in Alice leg, 2 in alice, 2 in kings canyon and 2 in Uluru including driving as there is stuff on the way to do. Darwin has some great attractions, heaps of WW2 stuff, and the croc cage is awesome. If you got some more time Katherine and Katherine Gorge is pretty good to, it's only a few hours below Kakadu."
1ach0jg,kk2wsfo,AustraliaTravel,UncleSnogga,1706517277.0,"I can highly recommend part of a trip we did.  We went from Darwin to Litchfield, to Kakadu, into gove (have family there) the down to Alice.  From Alice we spent a day trip out to the east Macdonald ranges, then out to the west Mac's, staying at Redbank gorge, then we got bored there after 2days and went to palm valley, I loved palm valley and would say it is a must.  Then there is a little town near the road into palm valley, at the local shop/servo you can buy the permit to do the mereenie loop (sort of a short cut to Kings canyon.  Then from Kings down to Uluru and Kata juta.  I thought Bulli rock hole at Litchfield was awesome we stay at Florence falls campground, and you could go to Bulli after all the tourist bus's have left and just about have to place to yourself.  Mataranka is good for a night, the springs are better at bitter springs, but the caravan park at mataranka hot springs put on a show every night which is a nice change. Katherine gorge was good but I wouldn't go back. King canyon is a must, it's insane the scale of it, be prepared for a big walk, but it's worth it, I also thought Kata juta was better than Uluru but that's probably because it's less touristy, we did a sunset helicopter flight over both, and it was amazing.  I know this is a bit all over the shop, but I will say if you want to stay at any of the public camp spots like Redbank, Florence falls, or Palm valley, make sure you get there early as the spots get filled up very early.  And the private parks at Kings canyon and Yulara (Uluru) checking wait time was about an hour at both.  But the water pressure in the showers at Kings canyon was worth the wait."
1ach0jg,kpgmo2o,AustraliaTravel,Few-Advisor4306,1707383273.0,"Def Litchfield, Kakadu was great, but the drive there is a long one. Litchfield so many watering holes to dip in.   Take some pool noodles with you!!!!"
1kjcrsr,mrm2esx,hungary,Hairy-Dog3523,1746895474.0,Rohadj meg kakadu !
1kjcrsr,mrm3rmv,hungary,Foreign-Reason8329,1746895917.0,"Ezt a retorik√°t √©rtik azok, akik a kakadu Peti oldal√°n olvasgatnak. Ha R√≥m√°ba m√©sz, t√©gy √∫gy, mint a r√≥maiak, vagy valami ilyesmi. üôÇ"
1kjcrsr,mrn5538,hungary,Fharlion,1746908452.0,"Az hagyj√°n: a kakadu m√©g be sem fejezte a ""teljes k√∂r≈± t≈±zsz√ºnet"" aprop√≥j√°n megkezdett seggnyal√°st, m√°r j√∂nnek a h√≠rek, hogy azt az indiai Jammu √©s Srinagar felett szedi le a l√∂ved√©keket a l√©gelh√°r√≠t√°s."
1fi3s8k,lneh16b,WarshipPorn,XMGAU,1726491045.0,"""*TIMOR SEA (Sept. 15, 2024) ‚Äì The Arleigh Burke-class guided-missile destroyer USS Dewey (DDG 105) fires the Mark 45 5-Inch light-weight gun during a live-fire weapons drill aboard the Arleigh Burke-class guided-missile destroyer USS Dewey (DDG 105) as part of exercise Kakadu 2024 while operating in the Timor Sea, Sept. 15, 2024. Dewey is forward-deployed and assigned to Destroyer Squadron (DESRON) 15, the Navy‚Äôs largest DESRON and the U.S. 7th Fleet‚Äôs principal surface force. Exercise Kakadu is the Royal Australian Navy‚Äôs premier exercise and provides an opportunity for regional nations to participate in multinational maritime activities, from humanitarian assistance and search and rescue operations to high-end maritime warfare scenarios*.""  U.S. Navy photo by Mass Communication Specialist 1st Class Greg Johnson"
ffaklw,fjx8dhu,pics,taccca,1583661662.0,The entire grassed area was originally concrete and a crumbling planter box. I put in the Buffalo Kakadu grass about 2 months ago and it has come up a treat.     Link to photos during the work  [https://imgur.com/gallery/m4h4CAY](https://imgur.com/gallery/m4h4CAY)
ffaklw,fjy35km,pics,iwhitt567,1583688891.0,> Buffalo Kakadu
ffaklw,fjzhqzz,pics,taccca,1583720013.0,"Yep, full natural turf, its a wide/broad leaf turf variant (buffalo kakadu) that does really well here in the Australian summers but can deal with the low light/sun levels over winter"
1gtl94p,lxnv8rq,hungary,AdvantageAutomatic30,1731882319.0,Mennyi kakadu
